sample_id,condition,dataset,tissue,source_name,filtered_matrix_dir,raw_matrix_dir
GSM5292174,Control,GSE174332,Motor Cortex,Motor Cortex,results/40_starsolo_count/GSM5292174_PN/Solo.out/GeneFull/filtered,results/40_starsolo_count/GSM5292174_PN/Solo.out/GeneFull/raw
GSM5292175,Control,GSE174332,Motor Cortex,Motor Cortex,results/41_starsolo_count/GSM5292175_PN/Solo.out/GeneFull/filtered,results/41_starsolo_count/GSM5292175_PN/Solo.out/GeneFull/raw
GSM5292176,Control,GSE174332,Motor Cortex,Motor Cortex,results/42_starsolo_count/GSM5292176_PN/Solo.out/GeneFull/filtered,results/42_starsolo_count/GSM5292176_PN/Solo.out/GeneFull/raw
GSM5292177,Control,GSE174332,Motor Cortex,Motor Cortex,results/42_starsolo_count/GSM5292177_PN/Solo.out/GeneFull/filtered,results/42_starsolo_count/GSM5292177_PN/Solo.out/GeneFull/raw
GSM5292178,Control,GSE174332,Motor Cortex,Motor Cortex,results/43_starsolo_count/GSM5292178_PN/Solo.out/GeneFull/filtered,results/43_starsolo_count/GSM5292178_PN/Solo.out/GeneFull/raw
GSM5292179,Control,GSE174332,Motor Cortex,Motor Cortex,results/43_starsolo_count/GSM5292179_PN/Solo.out/GeneFull/filtered,results/43_starsolo_count/GSM5292179_PN/Solo.out/GeneFull/raw
GSM5292180,Control,GSE174332,Motor Cortex,Motor Cortex,results/43_starsolo_count/GSM5292180_PN/Solo.out/GeneFull/filtered,results/43_starsolo_count/GSM5292180_PN/Solo.out/GeneFull/raw
GSM5292181,Control,GSE174332,Motor Cortex,Motor Cortex,results/43_starsolo_count/GSM5292181_PN/Solo.out/GeneFull/filtered,results/43_starsolo_count/GSM5292181_PN/Solo.out/GeneFull/raw
GSM5292182,Control,GSE174332,Motor Cortex,Motor Cortex,results/43_starsolo_count/GSM5292182_PN/Solo.out/GeneFull/filtered,results/43_starsolo_count/GSM5292182_PN/Solo.out/GeneFull/raw
GSM5292183,Control,GSE174332,Motor Cortex,Motor Cortex,results/43_starsolo_count/GSM5292183_PN/Solo.out/GeneFull/filtered,results/43_starsolo_count/GSM5292183_PN/Solo.out/GeneFull/raw
GSM5292146,c9ALS,GSE174332,Motor Cortex,Motor Cortex,results/40_starsolo_count/GSM5292146_c9ALS/Solo.out/GeneFull/filtered,results/40_starsolo_count/GSM5292146_c9ALS/Solo.out/GeneFull/raw
GSM5292147,c9ALS,GSE174332,Motor Cortex,Motor Cortex,results/41_starsolo_count/GSM5292147_c9ALS/Solo.out/GeneFull/filtered,results/41_starsolo_count/GSM5292147_c9ALS/Solo.out/GeneFull/raw
GSM5292156,c9ALS,GSE174332,Motor Cortex,Motor Cortex,results/42_starsolo_count/GSM5292156_c9ALS/Solo.out/GeneFull/filtered,results/42_starsolo_count/GSM5292156_c9ALS/Solo.out/GeneFull/raw
GSM5292157,c9ALS,GSE174332,Motor Cortex,Motor Cortex,results/42_starsolo_count/GSM5292157_c9ALS/Solo.out/GeneFull/filtered,results/42_starsolo_count/GSM5292157_c9ALS/Solo.out/GeneFull/raw
GSM5292158,c9ALS,GSE174332,Motor Cortex,Motor Cortex,results/43_starsolo_count/GSM5292158_c9ALS/Solo.out/GeneFull/filtered,results/43_starsolo_count/GSM5292158_c9ALS/Solo.out/GeneFull/raw
GSM5292200,c9ALS,GSE174332,Motor Cortex,Motor Cortex,results/43_starsolo_count/GSM5292200_c9ALS/Solo.out/GeneFull/filtered,results/43_starsolo_count/GSM5292200_c9ALS/Solo.out/GeneFull/raw
GSM5292143,sALS,GSE174332,Motor Cortex,Motor Cortex,results/41_starsolo_count/GSM5292143_sALS/Solo.out/GeneFull/filtered,results/41_starsolo_count/GSM5292143_sALS/Solo.out/GeneFull/raw
GSM5292144,sALS,GSE174332,Motor Cortex,Motor Cortex,results/42_starsolo_count/GSM5292144_sALS/Solo.out/GeneFull/filtered,results/42_starsolo_count/GSM5292144_sALS/Solo.out/GeneFull/raw
GSM5292145,sALS,GSE174332,Motor Cortex,Motor Cortex,results/41_starsolo_count/GSM5292145_sALS/Solo.out/GeneFull/filtered,results/41_starsolo_count/GSM5292145_sALS/Solo.out/GeneFull/raw
GSM5292148,sALS,GSE174332,Motor Cortex,Motor Cortex,results/42_starsolo_count/GSM5292148_sALS/Solo.out/GeneFull/filtered,results/42_starsolo_count/GSM5292148_sALS/Solo.out/GeneFull/raw
GSM5292149,sALS,GSE174332,Motor Cortex,Motor Cortex,results/43_starsolo_count/GSM5292149_sALS/Solo.out/GeneFull/filtered,results/43_starsolo_count/GSM5292149_sALS/Solo.out/GeneFull/raw
GSM5292150,sALS,GSE174332,Motor Cortex,Motor Cortex,results/43_starsolo_count/GSM5292150_sALS/Solo.out/GeneFull/filtered,results/43_starsolo_count/GSM5292150_sALS/Solo.out/GeneFull/raw
GSM5292151,sALS,GSE174332,Motor Cortex,Motor Cortex,results/43_starsolo_count/GSM5292151_sALS/Solo.out/GeneFull/filtered,results/43_starsolo_count/GSM5292151_sALS/Solo.out/GeneFull/raw
GSM5292152,sALS,GSE174332,Motor Cortex,Motor Cortex,results/43_starsolo_count/GSM5292152_sALS/Solo.out/GeneFull/filtered,results/43_starsolo_count/GSM5292152_sALS/Solo.out/GeneFull/raw
GSM5292154,sALS,GSE174332,Motor Cortex,Motor Cortex,results/43_starsolo_count/GSM5292154_sALS/Solo.out/GeneFull/filtered,results/43_starsolo_count/GSM5292154_sALS/Solo.out/GeneFull/raw
GSM5292155,sALS,GSE174332,Motor Cortex,Motor Cortex,results/43_starsolo_count/GSM5292155_sALS/Solo.out/GeneFull/filtered,results/43_starsolo_count/GSM5292155_sALS/Solo.out/GeneFull/raw
