cell_subtype,n_cells,gene,detected_cells,pct_detected,mean_counts_per_cell,mean_counts_among_detected
Ex.L2_L3.CUX2_RASGRF2,14924,VAT1L,2267,15.190297507370678,0.4493770723160387,2.9583164654806184
Ex.L2_L3.CUX2_RASGRF2,14924,EYA4,1383,9.266952559635486,0.18767227556092148,2.0251779034498854
Ex.L2_L3.CUX2_RASGRF2,14924,THSD4,4020,26.93647815599035,0.6466225964895285,2.400546176619334
Ex.L2_L3.CUX2_RASGRF2,14924,POU3F1,1707,11.437952291610829,0.14601380773284509,1.2765729739923726
Ex.L2_L3.CUX2_RASGRF2,14924,FEZF2,273,1.8292682926829267,0.027575762677933175,1.5074750263936811
Ex.L2_L3.CUX2_RASGRF2,14924,BCL11B,5378,36.03591530420799,0.8449160531494069,2.3446499027894654
Ex.L2_L3.CUX2_RASGRF2,14924,PCP4,4256,28.517823639774857,0.45877954844757124,1.608746706069444
Ex.L2_L3.CUX2_RASGRF2,14924,TLE4,7725,51.762262128115786,1.20356156110974,2.3251718754694837
Ex.L4_L5.RORB_POU3F2,4945,VAT1L,1225,24.772497472194136,0.3310925009526466,1.3365325854782346
Ex.L4_L5.RORB_POU3F2,4945,EYA4,195,3.9433771486349847,0.050519117518224785,1.2811130057826745
Ex.L4_L5.RORB_POU3F2,4945,THSD4,1117,22.588473205257838,0.41514883674451275,1.8378791384974176
Ex.L4_L5.RORB_POU3F2,4945,POU3F1,215,4.3478260869565215,0.04794450803836787,1.102723684882461
Ex.L4_L5.RORB_POU3F2,4945,FEZF2,97,1.961577350859454,0.020686577233270362,1.054588911531154
Ex.L4_L5.RORB_POU3F2,4945,BCL11B,185,3.741152679474216,0.04968630939349173,1.3281016213557653
Ex.L4_L5.RORB_POU3F2,4945,PCP4,1134,22.932254802831142,0.41911627938970575,1.8276278673563446
Ex.L4_L5.RORB_POU3F2,4945,TLE4,2870,58.03842264914054,1.266592730382947,2.1823348612347293
Ex.L4_L6.RORB_LRRK1,3671,VAT1L,1513,41.21492781258513,0.6126742836938748,1.4865348945407895
Ex.L4_L6.RORB_LRRK1,3671,EYA4,292,7.954235903023699,0.12449611911056756,1.5651549769003203
Ex.L4_L6.RORB_LRRK1,3671,THSD4,795,21.656224461999454,0.3101223729886628,1.432024190240731
Ex.L4_L6.RORB_LRRK1,3671,POU3F1,29,0.789975483519477,0.008124707070594163,1.0284758502121094
Ex.L4_L6.RORB_LRRK1,3671,FEZF2,721,19.640424952329067,0.23670241033289163,1.205179678685222
Ex.L4_L6.RORB_LRRK1,3671,BCL11B,767,20.893489512394442,0.363158134094094,1.738140169829751
Ex.L4_L6.RORB_LRRK1,3671,PCP4,2610,71.09779351675293,2.931874761160215,4.123721167900057
Ex.L4_L6.RORB_LRRK1,3671,TLE4,2523,68.72786706619449,1.6485695145639037,2.398691513263611
Ex.L5.PCP4_NXPH2,872,VAT1L,274,31.422018348623855,0.41795772238915047,1.3301428245377345
Ex.L5.PCP4_NXPH2,872,EYA4,80,9.174311926605505,0.19675400857793432,2.1446186934994844
Ex.L5.PCP4_NXPH2,872,THSD4,84,9.63302752293578,0.10396712196735951,1.0792777423278272
Ex.L5.PCP4_NXPH2,872,POU3F1,4,0.45871559633027525,0.004550874460167938,0.9920906323166104
Ex.L5.PCP4_NXPH2,872,FEZF2,356,40.825688073394495,0.5670069134460978,1.3888483947331385
Ex.L5.PCP4_NXPH2,872,BCL11B,798,91.5137614678899,3.9529758572465425,4.319542540750608
Ex.L5.PCP4_NXPH2,872,PCP4,787,90.25229357798165,5.978850399244038,6.624596630420332
Ex.L5.PCP4_NXPH2,872,TLE4,856,98.1651376146789,9.985898748919245,10.172551061983155
Ex.L5_L6.THEMIS_NR4A2,840,VAT1L,99,11.785714285714285,0.11320189285944522,0.9605009091104442
Ex.L5_L6.THEMIS_NR4A2,840,EYA4,21,2.5,0.04825684235754568,1.9302736943018273
Ex.L5_L6.THEMIS_NR4A2,840,THSD4,117,13.928571428571429,0.16332638428297636,1.1725996820316253
Ex.L5_L6.THEMIS_NR4A2,840,POU3F1,3,0.35714285714285715,0.0028945622457395162,0.8104774288070645
Ex.L5_L6.THEMIS_NR4A2,840,FEZF2,3,0.35714285714285715,0.0033252268053956457,0.9310635055107808
Ex.L5_L6.THEMIS_NR4A2,840,BCL11B,426,50.71428571428571,1.007597148449405,1.9868112786326297
Ex.L5_L6.THEMIS_NR4A2,840,PCP4,46,5.476190476190476,0.06151139516770923,1.1232515639320817
Ex.L5_L6.THEMIS_NR4A2,840,TLE4,678,80.71428571428572,2.7310862652216317,3.383646700274587
Ex.L5_L6.THEMIS_TMEM233,3660,VAT1L,929,25.38251366120219,0.34344926839305545,1.353093996037226
Ex.L5_L6.THEMIS_TMEM233,3660,EYA4,149,4.07103825136612,0.04794581300150526,1.1777293663456996
Ex.L5_L6.THEMIS_TMEM233,3660,THSD4,566,15.46448087431694,0.19080271388851056,1.2338126021765876
Ex.L5_L6.THEMIS_TMEM233,3660,POU3F1,72,1.9672131147540985,0.020860031871015774,1.0603849534433019
Ex.L5_L6.THEMIS_TMEM233,3660,FEZF2,104,2.841530054644809,0.028738717717791323,1.011381796606887
Ex.L5_L6.THEMIS_TMEM233,3660,BCL11B,1974,53.93442622950819,1.1597765633335613,2.150345603749156
Ex.L5_L6.THEMIS_TMEM233,3660,PCP4,430,11.748633879781421,0.12454096715265386,1.0600463715784028
Ex.L5_L6.THEMIS_TMEM233,3660,TLE4,1644,44.91803278688525,0.9066935110874309,2.018551247311434
Ex.L6.TLE4_CCBE1,1480,VAT1L,855,57.770270270270274,1.1007094093837988,1.9053215507462247
Ex.L6.TLE4_CCBE1,1480,EYA4,73,4.9324324324324325,0.07026846969594872,1.424621029452111
Ex.L6.TLE4_CCBE1,1480,THSD4,211,14.256756756756756,0.17338825995550675,1.2161830556120852
Ex.L6.TLE4_CCBE1,1480,POU3F1,5,0.33783783783783783,0.0032042558699370894,0.9484597375013785
Ex.L6.TLE4_CCBE1,1480,FEZF2,577,38.98648648648649,0.5706320898419525,1.4636663656258053
Ex.L6.TLE4_CCBE1,1480,BCL11B,960,64.86486486486487,2.1361611549176214,3.293248447164666
Ex.L6.TLE4_CCBE1,1480,PCP4,269,18.175675675675677,0.353212509413148,1.9433253306002196
Ex.L6.TLE4_CCBE1,1480,TLE4,1461,98.71621621621621,13.94994599253489,14.131362127961422
Ex.L6.TLE4_MEGF11,1651,VAT1L,838,50.75711689884918,0.9042423013159071,1.7815084003252537
Ex.L6.TLE4_MEGF11,1651,EYA4,175,10.599636583888552,0.20387369545619924,1.9234026925610572
Ex.L6.TLE4_MEGF11,1651,THSD4,204,12.356147789218655,0.16867185646818988,1.365084485436184
Ex.L6.TLE4_MEGF11,1651,POU3F1,7,0.4239854633555421,0.003679096025221415,0.8677410768057937
Ex.L6.TLE4_MEGF11,1651,FEZF2,516,31.25378558449425,0.41984069380909467,1.3433274912380142
Ex.L6.TLE4_MEGF11,1651,BCL11B,1402,84.91823137492429,2.661743667192336,3.134478455445468
Ex.L6.TLE4_MEGF11,1651,PCP4,418,25.31798909751666,0.55574885833161,2.1950750361375317
Ex.L6.TLE4_MEGF11,1651,TLE4,1624,98.36462749848577,10.251178850457618,10.421611011148723
Glia.Astro.GFAP.neg,14239,VAT1L,401,2.816209003441253,0.02826520113936235,1.0036613441979565
Glia.Astro.GFAP.neg,14239,EYA4,349,2.4510148184563523,0.032453543572031666,1.3240859797196531
Glia.Astro.GFAP.neg,14239,THSD4,858,6.025704052250861,0.07600220259757189,1.2612999566280028
Glia.Astro.GFAP.neg,14239,POU3F1,348,2.4439918533604885,0.02554826696201767,1.0453499231958898
Glia.Astro.GFAP.neg,14239,FEZF2,444,3.118196502563382,0.03131213802920123,1.0041746247698113
Glia.Astro.GFAP.neg,14239,BCL11B,88,0.6180209284359857,0.005725094700764815,0.9263593573203434
Glia.Astro.GFAP.neg,14239,PCP4,682,4.789662195378889,0.040365146782212424,0.8427556085512062
Glia.Astro.GFAP.neg,14239,TLE4,4952,34.77772315471592,0.6097832729573979,1.7533731873264111
Glia.Micro,6697,VAT1L,57,0.8511273704643871,0.007614538238767822,0.8946414488601421
Glia.Micro,6697,EYA4,98,1.4633417948335075,0.023460987709854313,1.6032472927846364
Glia.Micro,6697,THSD4,74,1.1049723756906076,0.009577603558513443,0.8667731220454666
Glia.Micro,6697,POU3F1,12,0.1791847095714499,0.001461535304048653,0.8156584942678191
Glia.Micro,6697,FEZF2,17,0.2538450052262207,0.002192795956880852,0.863832619013592
Glia.Micro,6697,BCL11B,49,0.7316708974167537,0.008681633177399608,1.1865489263070441
Glia.Micro,6697,PCP4,177,2.6429744661788863,0.022888494192228267,0.8660126870358908
Glia.Micro,6697,TLE4,1652,24.66776168433627,0.4091920586048643,1.6588130850343683
Glia.OPC,9120,VAT1L,2328,25.526315789473685,0.4016673025908988,1.5735420101499127
Glia.OPC,9120,EYA4,129,1.4144736842105263,0.017520344326900972,1.2386475989250918
Glia.OPC,9120,THSD4,222,2.4342105263157894,0.02390822365885088,0.9821756746338741
Glia.OPC,9120,POU3F1,27,0.2960526315789474,0.002750597603104836,0.9290907459376335
Glia.OPC,9120,FEZF2,19,0.20833333333333334,0.0017132870844372289,0.8223778005298699
Glia.OPC,9120,BCL11B,829,9.089912280701755,0.1019159633469093,1.1211985352518854
Glia.OPC,9120,PCP4,426,4.671052631578947,0.0442591138262364,0.9475190565616808
Glia.OPC,9120,TLE4,5029,55.142543859649116,1.1406710028495284,2.068586109760927
Glia.Oligo,87096,VAT1L,1834,2.105722421236337,0.02295813365664293,1.0902735054301922
Glia.Oligo,87096,EYA4,14122,16.214292275190594,0.2953245021255072,1.821383857606796
Glia.Oligo,87096,THSD4,2528,2.9025443189124642,0.03030238784255115,1.0439939760818178
Glia.Oligo,87096,POU3F1,316,0.36281803986405803,0.003404723064659623,0.9384106330366913
Glia.Oligo,87096,FEZF2,155,0.17796454487002847,0.0014087256101161572,0.791576553152754
Glia.Oligo,87096,BCL11B,266,0.30541012216404884,0.002335264675633252,0.764632376650203
Glia.Oligo,87096,PCP4,2333,2.678653439882429,0.020166252868992866,0.7528503900033445
Glia.Oligo,87096,TLE4,51327,58.93152383576743,1.4404114730042454,2.4442121622689377
In.5HT3aR.DISC1_RELN,4798,VAT1L,1143,23.822426010837848,0.32440515035214296,1.361763702003134
In.5HT3aR.DISC1_RELN,4798,EYA4,624,13.005418924551895,0.42006720443166223,3.22993981869089
In.5HT3aR.DISC1_RELN,4798,THSD4,439,9.149645685702376,0.15646269355954104,1.7100410107031387
In.5HT3aR.DISC1_RELN,4798,POU3F1,77,1.6048353480616924,0.01792804827620907,1.1171269562240407
In.5HT3aR.DISC1_RELN,4798,FEZF2,20,0.41684035014589416,0.003247818598651245,0.7791516818164337
In.5HT3aR.DISC1_RELN,4798,BCL11B,1060,22.09253855773239,0.4651185613741503,2.105319676861484
In.5HT3aR.DISC1_RELN,4798,PCP4,930,19.383076281784074,0.3664648715077202,1.8906434983806897
In.5HT3aR.DISC1_RELN,4798,TLE4,475,9.899958315964986,0.13366608859414134,1.3501681959467164
In.PV.PVALB_MYBPC1,3379,VAT1L,723,21.396862977212194,0.3331653061714024,1.5570754765603996
In.PV.PVALB_MYBPC1,3379,EYA4,172,5.090263391535958,0.11304769627706605,2.2208614286058497
In.PV.PVALB_MYBPC1,3379,THSD4,555,16.424977804084048,0.43977681711549604,2.677488045104975
In.PV.PVALB_MYBPC1,3379,POU3F1,18,0.5327019828351583,0.005008706958231081,0.9402456006590457
In.PV.PVALB_MYBPC1,3379,FEZF2,11,0.32554010062148564,0.0028570214778902057,0.8776250521628186
In.PV.PVALB_MYBPC1,3379,BCL11B,2332,69.01450133175496,1.8223257879097812,2.640496928536514
In.PV.PVALB_MYBPC1,3379,PCP4,161,4.764723290914471,0.038432062356609724,0.8065958925651195
In.PV.PVALB_MYBPC1,3379,TLE4,948,28.05563776265167,0.4600432906433405,1.6397534589492062
In.Rosehip.LAMP5_PMEPA1,1829,VAT1L,957,52.3236741388737,0.9908231739435623,1.893642199731218
In.Rosehip.LAMP5_PMEPA1,1829,EYA4,1750,95.68069983597594,8.332236788105142,8.70837776311103
In.Rosehip.LAMP5_PMEPA1,1829,THSD4,79,4.319300164024057,0.04418939110467882,1.0230683079804757
In.Rosehip.LAMP5_PMEPA1,1829,POU3F1,62,3.389830508474576,0.03581284440611276,1.0564789099803265
In.Rosehip.LAMP5_PMEPA1,1829,FEZF2,1,0.054674685620557675,0.0005467468562055768,1.0
In.Rosehip.LAMP5_PMEPA1,1829,BCL11B,1609,87.97156916347731,3.157842654484556,3.5896172871673424
In.Rosehip.LAMP5_PMEPA1,1829,PCP4,175,9.568069983597596,0.08248699903115918,0.8621069784456579
In.Rosehip.LAMP5_PMEPA1,1829,TLE4,117,6.396938217605248,0.08669430682933642,1.3552468990671478
In.SOM.SST_ADAMTS19,3191,VAT1L,957,29.99059855844563,0.5098033774838652,1.6998773015162105
In.SOM.SST_ADAMTS19,3191,EYA4,436,13.663428392353493,0.3211212971500563,2.350224906435389
In.SOM.SST_ADAMTS19,3191,THSD4,397,12.441240990285177,0.31264732443021626,2.512991466641864
In.SOM.SST_ADAMTS19,3191,POU3F1,96,3.0084612973989344,0.028979009325272247,0.9632501953848305
In.SOM.SST_ADAMTS19,3191,FEZF2,4,0.12535255405828893,0.0007901720194007775,0.6303597284769703
In.SOM.SST_ADAMTS19,3191,BCL11B,1356,42.49451582575995,0.7527007078343246,1.7712890550880014
In.SOM.SST_ADAMTS19,3191,PCP4,116,3.635224067690379,0.03343721267720149,0.9198116004564653
In.SOM.SST_ADAMTS19,3191,TLE4,862,27.013475399561266,0.44736423322777,1.6560780373895758
Vasc.Endo.Venous,782,VAT1L,7,0.8951406649616368,0.009733353730475156,1.0873546596045103
Vasc.Endo.Venous,782,EYA4,20,2.557544757033248,0.028967360966605567,1.132623813794278
Vasc.Endo.Venous,782,THSD4,642,82.09718670076727,3.472167156047082,4.229337563907816
Vasc.Endo.Venous,782,POU3F1,2,0.2557544757033248,0.002428591420538013,0.9495792454303631
Vasc.Endo.Venous,782,FEZF2,4,0.5115089514066496,0.0038885503080143455,0.7602115852168045
Vasc.Endo.Venous,782,BCL11B,12,1.5345268542199488,0.04117039435159171,2.6829373652453934
Vasc.Endo.Venous,782,PCP4,10,1.278772378516624,0.012545930060973832,0.9810917307681537
Vasc.Endo.Venous,782,TLE4,207,26.47058823529412,0.5469745230685268,2.0663481982588787
Vasc.Mural.Pericyte,610,VAT1L,19,3.114754098360656,0.04496690504348428,1.4436743198171273
Vasc.Mural.Pericyte,610,EYA4,13,2.1311475409836063,0.02243378622658349,1.0526622767858405
Vasc.Mural.Pericyte,610,THSD4,112,18.360655737704917,0.5268183463432319,2.8692784934765307
Vasc.Mural.Pericyte,610,POU3F1,7,1.1475409836065573,0.01319958575751471,1.1502496160119962
Vasc.Mural.Pericyte,610,FEZF2,0,0.0,0.0,0.0
Vasc.Mural.Pericyte,610,BCL11B,10,1.639344262295082,0.042351318079763875,2.5834304028655963
Vasc.Mural.Pericyte,610,PCP4,10,1.639344262295082,0.015476661493186826,0.9440763510843964
Vasc.Mural.Pericyte,610,TLE4,163,26.721311475409838,0.4498819531181022,1.6836073092149832
